game_id,date,inning,pitcher_name,pitcher_code,batter_name,batter_code,pitch_num,pitch_type,speed_kmh,pitch_result,text_comment,stance,release_x,release_y,release_z,plate_x,plate_z,sz_top,sz_bottom,raw_game_id_prefix
55551020OBNC02017,5555-10-20,9,최금강,62966,정진호,61208,1,직구,135.0,B,1구 볼,L,-1.30313,50.0,5.84028,0.374057,3.148528326089689,3.55669,1.5,5555
55551020OBNC02017,5555-10-20,9,최금강,62966,정진호,61208,2,투심,133.0,H,2구 타격,L,-1.28633,50.0,5.78519,-0.21693,3.2243649519783184,3.55669,1.5,5555
55551020OBNC02017,5555-10-20,9,최금강,62966,국해성,79290,1,직구,137.0,F,1구 파울,L,-1.36787,50.0,5.49355,-0.486293,1.1288108614614836,3.375,1.5,5555
55551020OBNC02017,5555-10-20,9,최금강,62966,국해성,79290,2,직구,137.0,B,2구 볼,L,-1.50333,50.0,5.50516,-1.52017,2.287322544056834,3.375,1.5,5555
55551020OBNC02017,5555-10-20,9,최금강,62966,국해성,79290,3,커브,118.0,B,3구 볼,L,-1.35896,50.0,5.72341,0.475521,0.5583029884534647,3.375,1.5,5555
55551020OBNC02017,5555-10-20,9,최금강,62966,국해성,79290,4,투심,134.0,F,4구 파울,L,-1.30794,50.0,5.47644,0.041616,0.7737488013650609,3.375,1.5,5555
55551020OBNC02017,5555-10-20,9,최금강,62966,국해성,79290,5,슬라이더,122.0,F,5구 파울,L,-1.41166,50.0,5.70153,0.407527,1.4159818689221777,3.375,1.5,5555
55551020OBNC02017,5555-10-20,9,최금강,62966,국해성,79290,6,슬라이더,121.0,S,6구 헛스윙,L,-1.26577,50.0,5.60643,1.25232,0.4489893735784807,3.375,1.5,5555
55551020OBNC02017,5555-10-20,9,최금강,62966,조수행,66209,1,직구,138.0,T,1구 스트라이크,L,-1.21303,50.0,5.62968,-0.204735,1.8927676560378857,3.375,1.5,5555
55551020OBNC02017,5555-10-20,9,최금강,62966,조수행,66209,2,슬라이더,121.0,T,2구 스트라이크,L,-1.55494,50.0,5.76664,-0.70966,1.3454259433463935,3.375,1.5,5555
55551020OBNC02017,5555-10-20,9,최금강,62966,조수행,66209,3,직구,138.0,S,3구 헛스윙,L,-1.48006,50.0,5.45581,-1.05307,2.286215322170702,3.375,1.5,5555
55551020OBNC02017,5555-10-20,9,김명신,67246,김성욱,62934,1,직구,141.0,T,1구 스트라이크,R,-1.1671,50.0,5.67612,0.412125,2.175156018111264,3.32419,1.5,5555
55551020OBNC02017,5555-10-20,9,김명신,67246,김성욱,62934,2,슬라이더,130.0,B,2구 볼,R,-1.30119,50.0,5.73995,1.31932,1.7282346264278527,3.32419,1.5,5555
55551020OBNC02017,5555-10-20,9,김명신,67246,김성욱,62934,3,직구,143.0,F,3구 파울,R,-1.06582,50.0,5.61506,0.413337,1.9460989501438462,3.32419,1.5,5555
55551020OBNC02017,5555-10-20,9,김명신,67246,김성욱,62934,4,슬라이더,127.0,H,4구 타격,R,-1.2988,50.0,5.79293,1.01268,2.4471246192271314,3.32419,1.5,5555
55551020OBNC02017,5555-10-20,9,김명신,67246,이상호,60566,1,슬라이더,126.0,F,1구 파울,R,-1.45987,50.0,5.83224,0.190121,2.2739463095569405,3.375,1.5,5555
55551020OBNC02017,5555-10-20,9,김명신,67246,이상호,60566,2,포크,122.0,S,2구 헛스윙,R,-1.38563,50.0,5.67676,-0.409037,1.324440184956151,3.375,1.5,5555
55551020OBNC02017,5555-10-20,9,김명신,67246,이상호,60566,3,포크,123.0,B,3구 볼,R,-1.33646,50.0,5.62412,0.13609,0.8901626551134845,3.375,1.5,5555
55551020OBNC02017,5555-10-20,9,김명신,67246,이상호,60566,4,직구,143.0,F,4구 파울,R,-1.13956,50.0,5.76753,-0.05347,3.1754364505334864,3.375,1.5,5555
55551020OBNC02017,5555-10-20,9,김명신,67246,이상호,60566,5,직구,143.0,B,5구 볼,R,-1.09234,50.0,5.52742,0.743803,1.2335129463069456,3.375,1.5,5555
55551020OBNC02017,5555-10-20,9,김명신,67246,이상호,60566,6,직구,142.0,F,6구 파울,R,-1.23354,50.0,5.5344,-0.116732,1.3998619057238237,3.375,1.5,5555
55551020OBNC02017,5555-10-20,9,김명신,67246,이상호,60566,7,커브,105.0,F,7구 파울,R,-1.45964,50.0,6.03808,-0.398865,1.7941604134052511,3.375,1.5,5555
55551020OBNC02017,5555-10-20,9,김명신,67246,이상호,60566,8,직구,142.0,H,8구 타격,R,-1.22038,50.0,5.64903,-0.537655,2.2843524541543854,3.375,1.5,5555
55551020OBNC02017,5555-10-20,9,김명신,67246,노진혁,62931,1,포크,123.0,B,1구 볼,L,-1.6604,50.0,5.60651,-0.005163,0.7916313779413287,3.375,1.57832,5555
55551020OBNC02017,5555-10-20,9,김명신,67246,노진혁,62931,2,직구,142.0,H,2구 타격,L,-1.60794,50.0,5.67431,-0.828807,2.5420333053292485,3.375,1.57832,5555
55551018NCOB02017,5555-10-18,9,김강률,77263,모창민,78813,1,직구,141.0,B,1구 볼,R,-1.42229,50.0,5.85193,-0.401241,4.254518933367965,3.57446,1.72844,5555
55551018NCOB02017,5555-10-18,9,김강률,77263,모창민,78813,2,직구,142.0,F,2구 파울,R,-1.26127,50.0,5.79586,-0.279729,2.8037444150445796,3.57446,1.72844,5555
55551018NCOB02017,5555-10-18,9,김강률,77263,모창민,78813,3,직구,144.0,T,3구 스트라이크,R,-1.1827,50.0,5.76748,1.00603,2.3816615775392473,3.57446,1.72844,5555
55551018NCOB02017,5555-10-18,9,김강률,77263,모창민,78813,4,커브,120.0,S,4구 헛스윙,R,-1.30776,50.0,5.96077,0.317754,1.045471498055801,3.57446,1.72844,5555
55551018NCOB02017,5555-10-18,9,김강률,77263,나성범,62947,1,직구,146.0,T,1구 스트라이크,L,-1.35464,50.0,5.79645,0.434785,3.2163078163449192,3.51653,1.71625,5555
55551018NCOB02017,5555-10-18,9,김강률,77263,나성범,62947,2,직구,146.0,T,2구 스트라이크,L,-1.30628,50.0,5.74213,0.377832,2.334900775346709,3.51653,1.71625,5555
55551018NCOB02017,5555-10-18,9,김강률,77263,나성범,62947,3,포크,135.0,S,3구 헛스윙,L,-1.25936,50.0,5.76798,-0.123062,0.9964479814994283,3.51653,1.71625,5555
55551018NCOB02017,5555-10-18,9,김강률,77263,스크럭스,67935,1,직구,141.0,F,1구 파울,R,-1.36552,50.0,5.63105,-0.891651,2.2084478018150735,3.57107,1.72791,5555
55551018NCOB02017,5555-10-18,9,김강률,77263,스크럭스,67935,2,슬라이더,133.0,B,2구 볼,R,-1.179,50.0,5.7049,1.10566,0.6719942383970179,3.57107,1.72791,5555
55551018NCOB02017,5555-10-18,9,김강률,77263,스크럭스,67935,3,직구,143.0,T,3구 스트라이크,R,-1.27705,50.0,5.71323,0.465782,1.8161264996213795,3.57107,1.72791,5555
55551018NCOB02017,5555-10-18,9,김강률,77263,스크럭스,67935,4,커브,122.0,B,4구 볼,R,-1.17865,50.0,5.99814,0.857137,1.4493624254757158,3.57107,1.72791,5555
55551018NCOB02017,5555-10-18,9,김강률,77263,스크럭스,67935,5,직구,144.0,S,5구 헛스윙,R,-1.28035,50.0,5.58674,-0.330106,0.8925238426772042,3.57107,1.72791,5555
55551017NCOB02017,5555-10-17,9,이영하,66291,김성욱,62934,1,직구,146.0,H,1구 타격,R,-1.63786,50.0,6.21869,0.200459,1.9940087394662056,3.55579,1.7285,5555
55551017NCOB02017,5555-10-17,9,이영하,66291,나성범,62947,1,포크,130.0,S,1구 헛스윙,L,-1.36072,50.0,6.31195,-0.202543,-0.27117570059980434,3.51653,1.71625,5555
55551017NCOB02017,5555-10-17,9,이영하,66291,나성범,62947,2,직구,148.0,F,2구 파울,L,-1.55226,50.0,6.38219,-0.205224,3.502279246629697,3.51653,1.71625,5555
55551017NCOB02017,5555-10-17,9,이영하,66291,나성범,62947,3,포크,131.0,B,3구 볼,L,-1.29066,50.0,6.69797,-0.100495,3.7633536363237323,3.51653,1.71625,5555
55551017NCOB02017,5555-10-17,9,이영하,66291,나성범,62947,4,직구,148.0,B,4구 볼,L,-1.42297,50.0,6.27062,1.77389,2.372675865839681,3.51653,1.71625,5555
55551017NCOB02017,5555-10-17,9,이영하,66291,나성범,62947,5,직구,149.0,F,5구 파울,L,-1.57199,50.0,6.39806,-0.105618,3.3029378198250416,3.51653,1.71625,5555
55551017NCOB02017,5555-10-17,9,이영하,66291,나성범,62947,6,직구,150.0,F,6구 파울,L,-1.60887,50.0,6.36386,-0.104906,3.35686473211765,3.51653,1.71625,5555
55551017NCOB02017,5555-10-17,9,이영하,66291,나성범,62947,7,포크,132.0,T,7구 스트라이크,L,-1.254,50.0,6.61035,-0.137446,3.1995254855449224,3.51653,1.71625,5555
55551017NCOB02017,5555-10-17,9,이영하,66291,지석훈,73306,1,직구,152.0,S,1구 헛스윙,R,-1.46038,50.0,6.25683,0.940895,2.684110484261483,3.43728,1.65935,5555
55551017NCOB02017,5555-10-17,9,이영하,66291,지석훈,73306,2,직구,152.0,B,2구 볼,R,-1.43116,50.0,6.43483,1.41403,4.114432103398366,3.43728,1.65935,5555
55551017NCOB02017,5555-10-17,9,이영하,66291,지석훈,73306,3,직구,147.0,B,3구 볼,R,-1.84903,50.0,6.10131,-0.5435,0.3637567385543746,3.43728,1.65935,5555
55551017NCOB02017,5555-10-17,9,이영하,66291,지석훈,73306,4,직구,149.0,H,4구 타격,R,-1.61191,50.0,6.31128,1.47009,2.4108185801445963,3.43728,1.65935,5555
55551017NCOB02017,5555-10-17,9,이영하,66291,스크럭스,67935,1,슬라이더,127.0,B,1구 볼,R,-1.55959,50.0,6.43417,1.93075,1.6744269949303008,3.57107,1.72791,5555
55551017NCOB02017,5555-10-17,9,이영하,66291,스크럭스,67935,2,직구,148.0,B,2구 볼,R,-1.78323,50.0,5.98677,1.05413,1.1150968125749312,3.57107,1.72791,5555
55551017NCOB02017,5555-10-17,9,이영하,66291,스크럭스,67935,3,직구,148.0,S,3구 헛스윙,R,-1.7691,50.0,6.08871,-0.44764,0.8658595029630372,3.57107,1.72791,5555
55551017NCOB02017,5555-10-17,9,이영하,66291,스크럭스,67935,4,직구,147.0,H,4구 타격,R,-1.60575,50.0,6.06313,0.60047,1.3847268360473515,3.57107,1.72791,5555
55551017NCOB02017,5555-10-17,9,이영하,66291,모창민,78813,1,슬라이더,126.0,B,1구 볼,R,-1.86611,50.0,6.46922,-0.899343,3.0407117212249504,3.57446,1.72844,5555
55551017NCOB02017,5555-10-17,9,이영하,66291,모창민,78813,2,직구,146.0,T,2구 스트라이크,R,-1.55555,50.0,6.14622,1.14794,1.8446678382439416,3.57446,1.72844,5555
55551017NCOB02017,5555-10-17,9,이영하,66291,모창민,78813,3,직구,148.0,F,3구 파울,R,-1.68765,50.0,6.27595,0.349122,3.7567994575862858,3.57446,1.72844,5555
55551017NCOB02017,5555-10-17,9,이영하,66291,모창민,78813,4,포크,134.0,B,4구 볼,R,-1.25751,50.0,6.07611,0.7746,-1.135764506917961,3.57446,1.72844,5555
55551017NCOB02017,5555-10-17,9,이영하,66291,모창민,78813,5,직구,148.0,S,5구 헛스윙,R,-1.54528,50.0,6.10185,0.98483,1.541834070005545,3.57446,1.72844,5555
55551017NCOB02017,5555-10-17,9,김진성,75867,허경민,79240,1,직구,143.0,T,1구 스트라이크,R,-1.32613,50.0,6.2312,0.584469,3.3429334127802512,3.20307,1.49799,5555
55551017NCOB02017,5555-10-17,9,김진성,75867,허경민,79240,2,포크,131.0,H,2구 타격,R,-1.39845,50.0,6.15656,0.910103,2.6767239607152047,3.20307,1.49799,5555
55551017NCOB02017,5555-10-17,9,김진성,75867,최주환,76267,1,포크,129.0,B,1구 볼,L,-1.5347,50.0,6.06359,0.601333,1.015002047558491,3.21833,1.51392,5555
55551017NCOB02017,5555-10-17,9,김진성,75867,최주환,76267,2,직구,142.0,F,2구 파울,L,-1.57416,50.0,6.14797,-0.529362,2.7662974351299416,3.21833,1.51392,5555
55551017NCOB02017,5555-10-17,9,김진성,75867,최주환,76267,3,포크,131.0,H,3구 타격,L,-1.67041,50.0,6.16605,-0.150619,1.9983523839389064,3.21833,1.51392,5555
55551017NCOB02017,5555-10-17,9,김진성,75867,민병헌,76249,1,슬라이더,134.0,B,1구 볼,R,-1.50867,50.0,6.07795,1.64474,2.144164271719905,3.31987,1.66374,5555
55551017NCOB02017,5555-10-17,9,김진성,75867,민병헌,76249,2,직구,143.0,H,2구 타격,R,-1.78833,50.0,6.14465,-0.226132,2.5145410195826368,3.31987,1.66374,5555
55551021OBNC02017,5555-10-21,9,임창민,78352,김재호,74206,1,직구,141.0,T,1구 스트라이크,R,-1.42674,50.0,6.02349,0.547377,3.071060612663304,3.375,1.5,5555
55551021OBNC02017,5555-10-21,9,임창민,78352,김재호,74206,2,직구,135.0,B,2구 볼,R,-1.45672,50.0,5.7277,0.499535,0.6320590403037607,3.375,1.5,5555
55551021OBNC02017,5555-10-21,9,임창민,78352,김재호,74206,3,직구,136.0,T,3구 스트라이크,R,-1.47631,50.0,5.77189,0.430357,2.073718820088983,3.375,1.5,5555
55551021OBNC02017,5555-10-21,9,임창민,78352,김재호,74206,4,직구,136.0,T,4구 스트라이크,R,-1.49907,50.0,5.9267,-0.020656,3.0636336996801625,3.375,1.5,5555
55551021OBNC02017,5555-10-21,9,임창민,78352,조수행,66209,1,직구,134.0,T,1구 스트라이크,L,-1.62596,50.0,5.72465,0.577056,1.8075991737534942,3.375,1.5,5555
55551021OBNC02017,5555-10-21,9,임창민,78352,조수행,66209,2,직구,141.0,F,2구 파울,L,-1.79964,50.0,5.65754,-0.292752,2.4542361163707014,3.375,1.5,5555
55551021OBNC02017,5555-10-21,9,임창민,78352,조수행,66209,3,직구,142.0,B,3구 볼,L,-1.9238,50.0,5.74608,-1.93719,2.9258933362198043,3.375,1.5,5555
55551021OBNC02017,5555-10-21,9,임창민,78352,조수행,66209,4,포크,135.0,H,4구 타격,L,-1.62099,50.0,5.77933,0.042691,2.0851998452258123,3.375,1.5,5555
55551021OBNC02017,5555-10-21,9,임창민,78352,김재환,78224,1,직구,141.0,B,1구 볼,L,-1.64327,50.0,5.65056,1.29661,1.8076854229093335,3.75371,1.77883,5555
55551021OBNC02017,5555-10-21,9,임창민,78352,김재환,78224,2,포크,133.0,H,2구 타격,L,-1.91114,50.0,5.65767,-0.746932,1.8373930879942384,3.75371,1.77883,5555
55551021OBNC02017,5555-10-21,9,임창민,78352,오재일,75334,1,직구,140.0,H,1구 타격,L,-1.73858,50.0,5.66141,0.590863,1.9472629226007712,3.70051,1.89036,5555
55551021OBNC02017,5555-10-21,9,임창민,78352,박세혁,62244,1,직구,141.0,B,1구 볼,L,-1.65045,50.0,5.87556,0.536029,3.5739504106007516,3.375,1.5,5555
55551021OBNC02017,5555-10-21,9,임창민,78352,박세혁,62244,2,직구,140.0,F,2구 파울,L,-1.74929,50.0,5.88376,0.219399,3.669124877727959,3.375,1.5,5555
55551021OBNC02017,5555-10-21,9,임창민,78352,박세혁,62244,3,직구,138.0,B,3구 볼,L,-1.52743,50.0,5.76273,1.2341,1.8687406335160421,3.375,1.5,5555
55551021OBNC02017,5555-10-21,9,임창민,78352,박세혁,62244,4,포크,129.0,S,4구 헛스윙,L,-1.54552,50.0,6.00144,0.344049,2.1911877028589806,3.375,1.5,5555
55551021OBNC02017,5555-10-21,9,임창민,78352,박세혁,62244,5,직구,142.0,B,5구 볼,L,-1.94208,50.0,5.45799,-0.634595,0.8216237627960998,3.375,1.5,5555
55551021OBNC02017,5555-10-21,9,임창민,78352,박세혁,62244,6,직구,141.0,B,6구 볼,L,-1.54489,50.0,5.51353,1.38765,0.8771197579105554,3.375,1.5,5555
55551021OBNC02017,5555-10-21,9,임창민,78352,정진호,61208,1,직구,138.0,B,1구 볼,L,-1.62731,50.0,5.61808,1.17429,1.7525687783600152,3.55669,1.5,5555
55551021OBNC02017,5555-10-21,9,임창민,78352,정진호,61208,2,포크,129.0,B,2구 볼,L,-1.73804,50.0,6.06098,-1.17096,3.361342375555591,3.55669,1.5,5555
55551021OBNC02017,5555-10-21,9,임창민,78352,정진호,61208,3,직구,140.0,T,3구 스트라이크,L,-1.67603,50.0,5.65958,0.792386,1.850940438455968,3.55669,1.5,5555
55551021OBNC02017,5555-10-21,9,임창민,78352,정진호,61208,4,직구,141.0,H,4구 타격,L,-1.71646,50.0,5.60999,0.195942,1.3773391907011743,3.55669,1.5,5555
55551021OBNC02017,5555-10-21,9,김강률,77263,김성욱,62934,1,직구,145.0,T,1구 스트라이크,R,-1.18031,50.0,5.70811,0.076853,1.9491107846615112,3.32419,1.5,5555
55551021OBNC02017,5555-10-21,9,김강률,77263,김성욱,62934,2,직구,144.0,F,2구 파울,R,-1.12755,50.0,5.79104,-0.142575,2.83697863057189,3.32419,1.5,5555
55551021OBNC02017,5555-10-21,9,김강률,77263,김성욱,62934,3,직구,144.0,B,3구 볼,R,-0.930218,50.0,5.79706,1.05112,2.999526418026445,3.32419,1.5,5555
55551021OBNC02017,5555-10-21,9,김강률,77263,김성욱,62934,4,직구,144.0,S,4구 헛스윙,R,-1.00464,50.0,5.72644,-0.225384,2.9472649959627,3.32419,1.5,5555
55551021OBNC02017,5555-10-21,9,김강률,77263,박민우,62907,1,직구,144.0,H,1구 타격,L,-1.12519,50.0,5.66124,-0.719413,2.2980200958898367,3.34502,1.5,5555
55551021OBNC02017,5555-10-21,9,김강률,77263,나성범,62947,1,직구,144.0,H,1구 타격,L,-1.14335,50.0,5.59756,0.044478,1.4826180794148889,3.51869,1.58958,5555
55551021OBNC02017,5555-10-21,9,김강률,77263,스크럭스,67935,1,커브,117.0,T,1구 스트라이크,R,-1.32954,50.0,6.06946,-0.578867,1.5971028164115202,3.46775,1.63584,5555
55551021OBNC02017,5555-10-21,9,김강률,77263,스크럭스,67935,2,직구,144.0,T,2구 스트라이크,R,-1.17971,50.0,5.62328,-0.466998,1.4953487250928954,3.46775,1.63584,5555
55551021OBNC02017,5555-10-21,9,김강률,77263,스크럭스,67935,3,커브,122.0,F,3구 파울,R,-1.12962,50.0,6.19658,0.194535,2.8966301727979875,3.46775,1.63584,5555
55551021OBNC02017,5555-10-21,9,김강률,77263,스크럭스,67935,4,포크,132.0,S,4구 헛스윙,R,-0.924583,50.0,5.80442,1.01258,1.2428281725420818,3.46775,1.63584,5555
99990715EAWE02017,9999-07-15,9,임창민,78352,한동민,62895,1,직구,140.0,H,1구 타격,L,-2.02625,50.0,5.75953,-0.139726,2.882886869766204,3.82243,1.80331,9999
99990715EAWE02017,9999-07-15,9,임창민,78352,박경수,73113,1,직구,140.0,B,1구 볼,R,-1.86241,50.0,5.9734,0.662356,4.166160095498847,3.53533,1.47269,9999
99990715EAWE02017,9999-07-15,9,임창민,78352,박경수,73113,2,슬라이더,124.0,T,2구 스트라이크,R,-2.01103,50.0,5.91119,-0.081215,3.0737703002415326,3.53533,1.47269,9999
99990715EAWE02017,9999-07-15,9,임창민,78352,박경수,73113,3,직구,140.0,S,3구 헛스윙,R,-1.82275,50.0,5.58068,1.34133,2.0911125089429223,3.53533,1.47269,9999
99990715EAWE02017,9999-07-15,9,임창민,78352,박경수,73113,4,직구,140.0,F,4구 파울,R,-1.92595,50.0,5.52855,1.22168,2.0091137471366762,3.53533,1.47269,9999
99990715EAWE02017,9999-07-15,9,임창민,78352,박경수,73113,5,직구,140.0,B,5구 볼,R,-1.89985,50.0,5.4324,0.91279,1.3246388592899305,3.53533,1.47269,9999
99990715EAWE02017,9999-07-15,9,임창민,78352,박경수,73113,6,슬라이더,128.0,S,6구 헛스윙,R,-1.82224,50.0,5.46497,1.93208,-0.07695680805830563,3.53533,1.47269,9999
99990715EAWE02017,9999-07-15,9,임창민,78352,에반스,66244,1,슬라이더,127.0,S,1구 헛스윙,R,-2.01568,50.0,5.79571,0.150614,2.299428714383449,3.81622,1.71644,9999
99990715EAWE02017,9999-07-15,9,임창민,78352,에반스,66244,2,직구,141.0,H,2구 타격,R,-1.89812,50.0,5.74684,0.382087,3.7515415024724597,3.81622,1.71644,9999
99990715EAWE02017,9999-07-15,9,임창민,78352,이승엽,95436,1,직구,142.0,F,1구 파울,L,-2.01695,50.0,5.63681,-0.230526,2.7708905308225127,3.58819,1.68476,9999
99990715EAWE02017,9999-07-15,9,임창민,78352,이승엽,95436,2,직구,144.0,H,2구 타격,L,-1.81869,50.0,5.57544,0.369882,2.3397895030709375,3.58819,1.68476,9999
99990715EAWE02017,9999-07-15,9,임창민,78352,전준우,78513,1,직구,140.0,S,1구 헛스윙,R,-1.88361,50.0,5.58404,0.778754,2.7379557871248075,3.69032,1.74964,9999
99990715EAWE02017,9999-07-15,9,임창민,78352,전준우,78513,2,직구,141.0,B,2구 볼,R,-2.04785,50.0,5.72323,-0.488359,5.005998233217632,3.69032,1.74964,9999
99990715EAWE02017,9999-07-15,9,임창민,78352,전준우,78513,3,직구,140.0,F,3구 파울,R,-1.93531,50.0,5.58446,-0.170559,2.561641844481632,3.69032,1.74964,9999
99990715EAWE02017,9999-07-15,9,임창민,78352,전준우,78513,4,직구,142.0,F,4구 파울,R,-1.86826,50.0,5.51261,0.451012,2.01817912396563,3.69032,1.74964,9999
99990715EAWE02017,9999-07-15,9,임창민,78352,전준우,78513,5,직구,141.0,B,5구 볼,R,-2.14607,50.0,5.61944,-1.02155,3.854974635259885,3.69032,1.74964,9999
99990715EAWE02017,9999-07-15,9,임창민,78352,전준우,78513,6,슬라이더,128.0,H,6구 타격,R,-1.91717,50.0,5.64593,0.704893,1.759271208957946,3.69032,1.74964,9999
99990715EAWE02017,9999-07-15,9,이현승,76329,유강남,61102,1,직구,126.0,T,1구 스트라이크,R,1.46668,50.0,6.0525,-0.694384,3.0010718404195824,3.65538,1.66918,9999
99990715EAWE02017,9999-07-15,9,이현승,76329,유강남,61102,2,직구,126.0,B,2구 볼,R,1.38233,50.0,5.94662,-0.831347,1.7261189346424997,3.65538,1.66918,9999
99990715EAWE02017,9999-07-15,9,이현승,76329,유강남,61102,3,직구,126.0,F,3구 파울,R,1.26069,50.0,6.00294,-1.19363,1.8608600843279632,3.65538,1.66918,9999
99990715EAWE02017,9999-07-15,9,이현승,76329,유강남,61102,4,슬라이더,125.0,H,4구 타격,R,1.602,50.0,5.94493,-0.260231,1.9372999476163373,3.65538,1.66918,9999
99990715EAWE02017,9999-07-15,9,이현승,76329,김선빈,78603,1,직구,129.0,H,1구 타격,R,1.57499,50.0,5.90938,0.043622,2.1258473499238235,3.2917,1.5,9999
99990715EAWE02017,9999-07-15,9,이현승,76329,나성범,62947,1,직구,133.0,H,1구 타격,L,1.35129,50.0,5.92864,-0.074969,2.2215127973495843,3.66146,1.83673,9999
99990715EAWE02017,9999-07-15,9,이현승,76329,김하성,64300,1,직구,127.0,S,1구 헛스윙,R,1.63421,50.0,5.84458,0.357361,2.3758813777601073,3.49629,1.63422,9999
99990715EAWE02017,9999-07-15,9,이현승,76329,김하성,64300,2,직구,130.0,H,2구 타격,R,1.59716,50.0,5.94881,0.113039,2.493442159358537,3.49629,1.63422,9999
99990715EAWE02017,9999-07-15,9,이현승,76329,이형종,78135,1,직구,132.0,F,1구 파울,R,1.53778,50.0,5.83768,-0.614453,2.1974728446610694,3.65011,1.71,9999
99990715EAWE02017,9999-07-15,9,이현승,76329,이형종,78135,2,직구,133.0,B,2구 볼,R,1.63475,50.0,5.84175,-0.007364,3.1192860488890495,3.65011,1.71,9999
99990715EAWE02017,9999-07-15,9,이현승,76329,이형종,78135,3,직구,131.0,H,3구 타격,,,,,,,,,9999
99990715EAWE02017,9999-07-15,9,이현승,76329,최형우,72443,1,슬라이더,123.0,F,1구 파울,L,1.5462,50.0,6.00717,-0.634039,2.8779752526760194,3.58035,1.63914,9999
99990715EAWE02017,9999-07-15,9,이현승,76329,최형우,72443,2,커브,102.0,H,2구 타격,L,1.77267,50.0,6.0413,-0.078692,2.0961683378682405,3.58035,1.63914,9999
99990715EAWE02017,9999-07-15,9,박세웅,64021,김태균,71752,1,커브,114.0,B,1구 볼,R,-0.906063,50.0,5.55046,1.86034,2.839226207024163,3.375,1.5,9999
99990715EAWE02017,9999-07-15,9,박세웅,64021,김태균,71752,2,직구,138.0,T,2구 스트라이크,R,-0.898161,50.0,5.59739,-0.435271,3.129667595613051,3.375,1.5,9999
99990715EAWE02017,9999-07-15,9,박세웅,64021,김태균,71752,3,포크,125.0,S,3구 헛스윙,R,-0.920524,50.0,5.23091,1.45787,0.7174064677637375,3.375,1.5,9999
99990715EAWE02017,9999-07-15,9,박세웅,64021,김태균,71752,4,슬라이더,134.0,S,4구 헛스윙,R,-0.928071,50.0,5.44199,1.87474,2.3315250380669887,3.375,1.5,9999
44441005SKNC02017,4444-10-05,9,임창민,78352,조용호,64868,1,직구,143.0,T,1구 스트라이크,L,-1.69609,50.0,5.706,-0.528641,1.5402262661237454,3.375,1.5,4444
44441005SKNC02017,4444-10-05,9,임창민,78352,조용호,64868,2,슬라이더,132.0,B,2구 볼,L,-1.85998,50.0,6.00658,-0.70016,2.9092194698042833,3.375,1.5,4444
44441005SKNC02017,4444-10-05,9,임창민,78352,조용호,64868,3,직구,143.0,S,3구 헛스윙,L,-1.57209,50.0,5.80865,-0.069531,2.6145471025187024,3.375,1.5,4444
44441005SKNC02017,4444-10-05,9,임창민,78352,조용호,64868,4,직구,143.0,B,4구 볼,L,-1.60212,50.0,5.57943,-0.438224,0.7315045610869839,3.375,1.5,4444
44441005SKNC02017,4444-10-05,9,임창민,78352,조용호,64868,5,직구,142.0,B,5구 볼,L,-1.39511,50.0,5.76371,1.47854,2.6391185552191514,3.375,1.5,4444
44441005SKNC02017,4444-10-05,9,임창민,78352,조용호,64868,6,직구,141.0,H,6구 타격,L,-1.54012,50.0,5.85118,0.172945,3.531156329694411,3.3383,1.5,4444
44441005SKNC02017,4444-10-05,9,임창민,78352,김강민,71837,1,직구,143.0,T,1구 스트라이크,R,-1.44857,50.0,5.62853,0.780082,1.8289363537781922,3.23,1.5,4444
44441005SKNC02017,4444-10-05,9,임창민,78352,김강민,71837,2,슬라이더,132.0,F,2구 파울,R,-1.55647,50.0,5.83373,1.12552,1.7943484008210406,3.23,1.5,4444
44441005SKNC02017,4444-10-05,9,임창민,78352,김강민,71837,3,직구,141.0,B,3구 볼,R,-1.39853,50.0,6.05302,0.028927,4.8898562154751115,3.23,1.5,4444
44441005SKNC02017,4444-10-05,9,임창민,78352,김강민,71837,4,포크,137.0,F,4구 파울,R,-1.43888,50.0,5.83014,-0.432693,2.441537380578117,3.23,1.5,4444
44441005SKNC02017,4444-10-05,9,임창민,78352,김강민,71837,5,직구,145.0,B,5구 볼,R,-1.32567,50.0,5.46126,1.58976,0.685817365979619,3.23,1.5,4444
44441005SKNC02017,4444-10-05,9,임창민,78352,김강민,71837,6,직구,142.0,B,6구 볼,R,-1.44861,50.0,5.42828,0.571266,0.2777780639238424,3.23,1.5,4444
44441005SKNC02017,4444-10-05,9,임창민,78352,김강민,71837,7,직구,142.0,B,7구 볼,R,-1.44561,50.0,5.53816,1.15552,0.7408717450868589,3.23,1.5,4444
44441005SKNC02017,4444-10-05,9,임창민,78352,이홍구,63634,1,직구,142.0,B,1구 볼,R,-1.45711,50.0,5.32749,1.34859,0.14516825913979514,3.375,1.5,4444
44441005SKNC02017,4444-10-05,9,임창민,78352,이홍구,63634,2,직구,141.0,H,2구 타격,R,-1.74063,50.0,5.61288,0.168934,2.1896617249090498,3.375,1.5,4444
44441005SKNC02017,4444-10-05,9,임창민,78352,나주환,73209,1,슬라이더,130.0,H,1구 타격,R,-1.57663,50.0,5.94436,0.141732,1.73726976722502,3.375,1.5,4444
77771029HTOB02017,7777-10-29,9,이용찬,77211,김민식,62864,1,직구,140.0,B,1구 볼,L,-2.09395,50.0,5.53576,-0.859553,3.391969420299219,3.43108,1.59958,7777
77771029HTOB02017,7777-10-29,9,이용찬,77211,김민식,62864,2,직구,140.0,B,2구 볼,L,-2.08278,50.0,5.21525,-0.09974,1.1754866149436052,3.43108,1.59958,7777
77771029HTOB02017,7777-10-29,9,이용찬,77211,김민식,62864,3,직구,140.0,T,3구 스트라이크,L,-2.17948,50.0,5.33969,-0.466753,2.0123490437521,3.43108,1.59958,7777
77771029HTOB02017,7777-10-29,9,이용찬,77211,김민식,62864,4,직구,141.0,H,4구 타격,L,-2.13786,50.0,5.41761,-0.400354,2.4850319403574015,3.43108,1.59958,7777
77771029HTOB02017,7777-10-29,9,이용찬,77211,김선빈,78603,1,직구,132.0,H,1구 타격,R,-1.99988,50.0,5.77148,1.31007,5.436343518155151,3.04525,1.39309,7777
77771029HTOB02017,7777-10-29,9,이현승,76329,이명기,76849,1,슬라이더,128.0,H,1구 타격,L,1.609,50.0,5.99427,0.243693,2.240378751778017,3.44747,1.61073,7777
77771029HTOB02017,7777-10-29,9,이현승,76329,김주찬,70410,1,직구,140.0,T,1구 스트라이크,R,1.3967,50.0,5.76155,-0.199734,1.9153609104487306,3.48136,1.66034,7777
77771029HTOB02017,7777-10-29,9,이현승,76329,김주찬,70410,2,직구,135.0,B,2구 볼,R,1.64017,50.0,5.81031,2.01908,1.114570619206879,3.48136,1.66034,7777
77771029HTOB02017,7777-10-29,9,이현승,76329,김주찬,70410,3,직구,139.0,B,3구 볼,R,1.32118,50.0,5.82664,-1.05411,2.7732462237791022,3.48136,1.66034,7777
77771029HTOB02017,7777-10-29,9,이현승,76329,김주찬,70410,4,직구,140.0,H,4구 타격,R,1.32745,50.0,5.85354,-0.239746,2.0480256148969227,3.48136,1.66034,7777
77771029HTOB02017,7777-10-29,9,이현승,76329,버나디나,67650,1,슬라이더,133.0,B,1구 볼,L,1.34744,50.0,5.85849,-0.618246,1.1306621180239662,3.56143,1.77204,7777
77771029HTOB02017,7777-10-29,9,이현승,76329,버나디나,67650,2,슬라이더,133.0,H,2구 타격,L,1.52373,50.0,5.9484,-0.061357,2.0524138425492393,3.56143,1.77204,7777
77771029HTOB02017,7777-10-29,9,김세현,76350,민병헌,76249,1,직구,142.0,T,1구 스트라이크,R,-1.43868,50.0,5.84438,0.279938,2.428848333490526,3.31987,1.47827,7777
77771029HTOB02017,7777-10-29,9,김세현,76350,민병헌,76249,2,직구,148.0,B,2구 볼,R,-1.39621,50.0,5.93717,0.861133,3.455665697625398,3.31987,1.47827,7777
77771029HTOB02017,7777-10-29,9,김세현,76350,민병헌,76249,3,직구,143.0,F,3구 파울,R,-1.48501,50.0,5.84211,0.499413,2.284371003204776,3.31987,1.47827,7777
77771029HTOB02017,7777-10-29,9,김세현,76350,민병헌,76249,4,직구,151.0,F,4구 파울,R,-1.47048,50.0,5.93328,0.503321,3.5647191353699053,3.31987,1.47827,7777
77771029HTOB02017,7777-10-29,9,김세현,76350,민병헌,76249,5,슬라이더,132.0,B,5구 볼,R,-1.60768,50.0,5.72757,1.4157,1.2744101611734333,3.31987,1.47827,7777
77771029HTOB02017,7777-10-29,9,김세현,76350,민병헌,76249,6,슬라이더,132.0,B,6구 볼,R,-1.64695,50.0,5.77053,1.21696,1.4476278423947067,3.31987,1.47827,7777
77771029HTOB02017,7777-10-29,9,김세현,76350,민병헌,76249,7,직구,150.0,H,7구 타격,R,-1.68596,50.0,5.69491,-0.267176,2.756108258574704,3.31987,1.47827,7777
77771029HTOB02017,7777-10-29,9,김세현,76350,오재원,77248,1,직구,148.0,T,1구 스트라이크,L,-1.82845,50.0,5.76085,-0.91465,1.9910032088239138,3.4696,1.59702,7777
77771029HTOB02017,7777-10-29,9,김세현,76350,오재원,77248,2,직구,150.0,H,2구 타격,L,-1.64225,50.0,5.63058,0.259747,2.329977060902402,3.4696,1.59702,7777
77771029HTOB02017,7777-10-29,9,김세현,76350,박건우,79215,1,슬라이더,131.0,B,1구 볼,R,-1.81868,50.0,6.02961,0.097945,4.231425654636613,3.52135,1.73868,7777
77771029HTOB02017,7777-10-29,9,김세현,76350,박건우,79215,2,직구,148.0,F,2구 파울,R,-1.67558,50.0,5.68248,-0.554131,2.126911541888126,3.52135,1.73868,7777
77771029HTOB02017,7777-10-29,9,김세현,76350,박건우,79215,3,슬라이더,131.0,B,3구 볼,R,-1.88385,50.0,6.06532,-0.386193,4.147410544382564,3.52135,1.73868,7777
77771029HTOB02017,7777-10-29,9,김세현,76350,박건우,79215,4,직구,149.0,B,4구 볼,R,-1.55463,50.0,5.97553,-0.003891,4.71132049069032,3.52135,1.73868,7777
77771029HTOB02017,7777-10-29,9,김세현,76350,박건우,79215,5,직구,147.0,B,5구 볼,R,-1.6002,50.0,5.92024,-0.895416,3.90975312483597,3.52135,1.73868,7777
77771029HTOB02017,7777-10-29,9,김세현,76350,김재환,78224,1,직구,143.0,B,1구 볼,L,-1.5262,50.0,5.60167,0.255722,1.1038759440854957,3.71545,1.76399,7777
77771029HTOB02017,7777-10-29,9,김세현,76350,김재환,78224,2,직구,150.0,S,2구 헛스윙,L,-1.55373,50.0,5.74658,0.156913,2.828526804340404,3.71545,1.76399,7777
77771029HTOB02017,7777-10-29,9,김세현,76350,김재환,78224,3,직구,149.0,H,3구 타격,L,-1.46883,50.0,5.77134,-0.253342,3.287432603037379,3.71545,1.76399,7777
77771029HTOB02017,7777-10-29,9,김세현,76350,오재일,75334,1,직구,150.0,B,1구 볼,L,-1.48811,50.0,5.78487,-1.13347,2.495227137618886,3.71801,1.80594,7777
77771029HTOB02017,7777-10-29,9,김세현,76350,오재일,75334,2,직구,149.0,H,2구 타격,L,-1.71516,50.0,5.61012,-0.225602,1.5752528307007887,3.71801,1.80594,7777
77771028HTOB02017,7777-10-28,9,김승회,73248,안치홍,79608,1,커터,135.0,T,1구 스트라이크,R,-1.00809,50.0,5.15642,0.254348,2.2950565163235,3.53338,1.61779,7777
77771028HTOB02017,7777-10-28,9,김승회,73248,안치홍,79608,2,커브,120.0,B,2구 볼,R,-1.00788,50.0,5.40881,1.94616,2.0266905045182737,3.53338,1.61779,7777
77771028HTOB02017,7777-10-28,9,김승회,73248,안치홍,79608,3,직구,141.0,B,3구 볼,R,-1.01253,50.0,5.36441,-1.25861,2.8470755111284833,3.53338,1.61779,7777
77771028HTOB02017,7777-10-28,9,김승회,73248,안치홍,79608,4,포크,137.0,B,4구 볼,R,-1.17797,50.0,5.07363,-0.286674,1.2805186071795591,3.53338,1.61779,7777
77771028HTOB02017,7777-10-28,9,김승회,73248,안치홍,79608,5,직구,141.0,T,5구 스트라이크,R,-1.10005,50.0,5.20675,-0.301101,2.0355396596621143,3.53338,1.61779,7777
77771028HTOB02017,7777-10-28,9,김승회,73248,안치홍,79608,6,직구,143.0,H,6구 타격,R,-0.961937,50.0,5.1931,-0.0494,1.4875717346955237,3.53338,1.61779,7777
77771028HTOB02017,7777-10-28,9,김승회,73248,김선빈,78603,1,커터,138.0,T,1구 스트라이크,R,-1.13307,50.0,5.06294,1.14473,1.7367883319509336,3.04525,1.39309,7777
77771028HTOB02017,7777-10-28,9,김승회,73248,김선빈,78603,2,커터,139.0,B,2구 볼,R,-1.12996,50.0,5.08077,-0.524271,1.095685402506644,3.04525,1.39309,7777
77771028HTOB02017,7777-10-28,9,김승회,73248,김선빈,78603,3,직구,141.0,H,3구 타격,R,-0.959855,50.0,5.11117,0.789237,1.5106154576071174,3.04525,1.39309,7777
77771028HTOB02017,7777-10-28,9,김승회,73248,김호령,65653,1,직구,142.0,B,1구 볼,R,-1.07948,50.0,5.15643,-0.635483,0.814923675925697,3.375,1.5,7777
77771028HTOB02017,7777-10-28,9,김강률,77263,김호령,65653,2,직구,147.0,B,2구 볼,R,-1.4501,50.0,5.83853,-0.149151,4.310145232935436,3.375,1.5,7777
77771028HTOB02017,7777-10-28,9,김강률,77263,김호령,65653,3,직구,149.0,F,3구 파울,R,-1.47664,50.0,5.73506,-0.715659,2.869638906270269,3.375,1.5,7777
77771028HTOB02017,7777-10-28,9,김강률,77263,김호령,65653,4,직구,147.0,H,4구 타격,R,-1.33337,50.0,5.71378,0.387558,2.4652089326074034,3.375,1.5,7777
77771028HTOB02017,7777-10-28,9,김강률,77263,나지완,78629,1,직구,148.0,B,1구 볼,R,-1.49166,50.0,5.73475,0.370446,3.3971513365615587,3.52383,1.70698,7777
77771028HTOB02017,7777-10-28,9,김강률,77263,나지완,78629,2,직구,149.0,H,2구 타격,R,-1.44714,50.0,5.66911,0.112986,2.8379060269454817,3.52383,1.70698,7777
77771028HTOB02017,7777-10-28,9,김명신,67246,이명기,76849,1,직구,142.0,T,1구 스트라이크,L,-1.73896,50.0,5.59563,-0.672316,2.747338170427454,3.44747,1.61073,7777
77771028HTOB02017,7777-10-28,9,김명신,67246,이명기,76849,2,슬라이더,128.0,B,2구 볼,L,-1.89361,50.0,5.54499,0.729321,0.8758543095498021,3.44747,1.61073,7777
77771028HTOB02017,7777-10-28,9,김명신,67246,이명기,76849,3,포크,123.0,B,3구 볼,L,-1.9602,50.0,5.39404,-0.400551,0.062182110646890276,3.44747,1.61073,7777
77771028HTOB02017,7777-10-28,9,김명신,67246,이명기,76849,4,직구,141.0,S,4구 헛스윙,L,-1.94377,50.0,5.42813,-0.982409,2.03301681648429,3.44747,1.61073,7777
77771028HTOB02017,7777-10-28,9,김명신,67246,이명기,76849,5,직구,142.0,B,5구 볼,L,-1.82092,50.0,5.36428,-1.30568,0.5680186759655257,3.44747,1.61073,7777
77771028HTOB02017,7777-10-28,9,김명신,67246,이명기,76849,6,직구,142.0,H,6구 타격,L,-1.7611,50.0,5.50076,0.083498,2.309995485509707,3.44747,1.61073,7777
77771028HTOB02017,7777-10-28,9,김세현,76350,에반스,66244,1,직구,147.0,T,1구 스트라이크,R,-1.70422,50.0,5.70587,-0.143497,3.2154027701352215,3.39518,1.66605,7777
77771028HTOB02017,7777-10-28,9,김세현,76350,에반스,66244,2,슬라이더,137.0,B,2구 볼,R,-1.87399,50.0,5.4506,1.02826,0.30972684377582205,3.39518,1.66605,7777
77771028HTOB02017,7777-10-28,9,김세현,76350,에반스,66244,3,직구,148.0,F,3구 파울,R,-1.67173,50.0,5.69116,0.093774,2.5561953823670907,3.39518,1.66605,7777
77771028HTOB02017,7777-10-28,9,김세현,76350,에반스,66244,4,포크,133.0,F,4구 파울,R,-1.87061,50.0,5.63758,0.097308,1.4264958899803815,3.39518,1.66605,7777
77771028HTOB02017,7777-10-28,9,김세현,76350,에반스,66244,5,슬라이더,137.0,S,5구 헛스윙,R,-1.99601,50.0,5.55434,0.119043,0.6374249209551515,3.39518,1.66605,7777
77771028HTOB02017,7777-10-28,9,김세현,76350,박세혁,62244,1,직구,150.0,H,1구 타격,L,-1.8425,50.0,5.51523,0.630849,2.2977821904902576,3.25858,1.55624,7777
77771028HTOB02017,7777-10-28,9,김세현,76350,최주환,76267,1,직구,151.0,T,1구 스트라이크,L,-1.8992,50.0,5.60152,-0.912585,2.570124447410477,3.21833,1.51392,7777
77771028HTOB02017,7777-10-28,9,김세현,76350,최주환,76267,2,슬라이더,140.0,F,2구 파울,L,-1.9203,50.0,5.59645,0.058544,2.3620035709341347,3.21833,1.51392,7777
77771028HTOB02017,7777-10-28,9,김세현,76350,최주환,76267,3,직구,152.0,B,3구 볼,L,-1.98474,50.0,5.59026,-1.24461,3.1812085886443953,3.21833,1.51392,7777
77771028HTOB02017,7777-10-28,9,김세현,76350,최주환,76267,4,직구,149.0,S,4구 헛스윙,L,-1.67879,50.0,5.4743,-0.690952,1.6205379793144319,3.21833,1.51392,7777
77771026OBHT02017,7777-10-26,9,양현종,77637,박건우,79215,1,직구,142.0,F,1구 파울,R,1.42634,50.0,6.00201,-0.363972,3.2661425947904403,3.62383,1.91397,7777
77771026OBHT02017,7777-10-26,9,양현종,77637,박건우,79215,2,체인지업,127.0,T,2구 스트라이크,R,1.57558,50.0,6.17332,-0.644617,3.047031880637608,3.62383,1.91397,7777
77771026OBHT02017,7777-10-26,9,양현종,77637,박건우,79215,3,직구,145.0,B,3구 볼,R,1.61821,50.0,6.00818,1.29583,3.256081967066282,3.62383,1.91397,7777
77771026OBHT02017,7777-10-26,9,양현종,77637,박건우,79215,4,체인지업,130.0,B,4구 볼,R,1.74021,50.0,5.92035,1.49271,1.0013965078543956,3.62383,1.91397,7777
77771026OBHT02017,7777-10-26,9,양현종,77637,박건우,79215,5,직구,144.0,H,5구 타격,R,1.32045,50.0,5.98893,-0.604282,3.69167504753534,3.62383,1.91397,7777
77771026OBHT02017,7777-10-26,9,양현종,77637,김재환,78224,1,슬라이더,133.0,B,1구 볼,L,1.54465,50.0,5.86969,0.15374,0.6812466718447387,3.57795,1.58642,7777
77771026OBHT02017,7777-10-26,9,양현종,77637,김재환,78224,2,슬라이더,132.0,S,2구 헛스윙,L,1.50814,50.0,5.90525,0.12523,1.2414529378183827,3.57795,1.58642,7777
77771026OBHT02017,7777-10-26,9,양현종,77637,김재환,78224,3,슬라이더,129.0,B,3구 볼,L,1.52624,50.0,6.16039,0.203394,4.065314668167838,3.57795,1.58642,7777
77771026OBHT02017,7777-10-26,9,양현종,77637,김재환,78224,4,직구,144.0,H,4구 타격,L,1.53923,50.0,5.89424,0.443633,2.6258670451051085,3.57795,1.58642,7777
77771026OBHT02017,7777-10-26,9,양현종,77637,오재일,75334,1,슬라이더,130.0,H,1구 타격,L,1.58837,50.0,6.01799,-0.148956,1.5818284116262489,3.73292,1.95653,7777
77771026OBHT02017,7777-10-26,9,양현종,77637,양의지,76232,1,직구,142.0,B,1구 볼,R,1.38192,50.0,5.78071,-0.526151,1.5788597507973015,3.59265,1.71582,7777
77771026OBHT02017,7777-10-26,9,양현종,77637,양의지,76232,2,직구,142.0,F,2구 파울,R,1.45678,50.0,5.78766,-0.417285,1.844450280739547,3.59265,1.71582,7777
77771026OBHT02017,7777-10-26,9,양현종,77637,양의지,76232,3,직구,143.0,F,3구 파울,R,1.61122,50.0,5.85519,0.30885,2.9045630828340356,3.59265,1.71582,7777
77771026OBHT02017,7777-10-26,9,양현종,77637,양의지,76232,4,슬라이더,129.0,F,4구 파울,R,1.55796,50.0,6.1023,0.338022,2.621755997393413,3.59265,1.71582,7777
77771026OBHT02017,7777-10-26,9,양현종,77637,양의지,76232,5,직구,144.0,F,5구 파울,R,1.4384,50.0,5.97476,-0.345991,3.3681877163941563,3.59265,1.71582,7777
77771026OBHT02017,7777-10-26,9,양현종,77637,양의지,76232,6,체인지업,131.0,F,6구 파울,R,1.65832,50.0,5.88462,0.871892,1.6819231634466467,3.59265,1.71582,7777
77771026OBHT02017,7777-10-26,9,양현종,77637,양의지,76232,7,슬라이더,132.0,F,7구 파울,R,1.60092,50.0,5.95697,0.189941,1.8962717687459176,3.59265,1.71582,7777
77771026OBHT02017,7777-10-26,9,양현종,77637,양의지,76232,8,직구,144.0,F,8구 파울,R,1.49303,50.0,5.85592,-0.463741,2.1106406943589766,3.59265,1.71582,7777
77771026OBHT02017,7777-10-26,9,양현종,77637,양의지,76232,9,직구,141.0,B,9구 볼,R,1.48934,50.0,6.11743,0.650425,4.562406276602138,3.59265,1.71582,7777
77771026OBHT02017,7777-10-26,9,양현종,77637,양의지,76232,10,직구,142.0,F,10구 파울,R,1.63207,50.0,5.90721,0.841024,3.1805499828638575,3.59265,1.71582,7777
77771026OBHT02017,7777-10-26,9,양현종,77637,양의지,76232,11,직구,142.0,S,11구 헛스윙,R,1.42388,50.0,5.96647,-0.43448,3.2145197605864517,3.59265,1.71582,7777
77771030HTOB02017,7777-10-30,9,김강률,77263,김호령,65653,1,직구,141.0,B,1구 볼,R,-1.35704,50.0,5.94782,-0.193157,4.0406886985888875,3.375,1.5,7777
77771030HTOB02017,7777-10-30,9,김강률,77263,김호령,65653,2,직구,141.0,B,2구 볼,R,-1.2576,50.0,5.91124,0.560458,4.018287446582804,3.375,1.5,7777
77771030HTOB02017,7777-10-30,9,김강률,77263,김호령,65653,3,직구,141.0,T,3구 스트라이크,R,-1.27902,50.0,5.85153,0.140443,2.5866471322657087,3.375,1.5,7777
77771030HTOB02017,7777-10-30,9,김강률,77263,김호령,65653,4,직구,142.0,H,4구 타격,R,-1.29322,50.0,5.88415,-0.061084,3.5752587283971753,3.375,1.5,7777
77771030HTOB02017,7777-10-30,9,이현승,76329,최형우,72443,1,직구,140.0,T,1구 스트라이크,L,1.48219,50.0,5.90093,0.541032,2.4797751649843507,3.51674,1.77044,7777
77771030HTOB02017,7777-10-30,9,이현승,76329,최형우,72443,2,직구,141.0,H,2구 타격,L,1.15831,50.0,5.85235,-0.885222,1.7877390606163344,3.51674,1.77044,7777
77771030HTOB02017,7777-10-30,9,이현승,76329,나지완,78629,1,체인지업,136.0,B,1구 볼,R,1.49632,50.0,5.86766,1.65516,1.920783673286314,3.52383,1.70698,7777
77771030HTOB02017,7777-10-30,9,이현승,76329,나지완,78629,2,체인지업,135.0,B,2구 볼,R,1.57124,50.0,5.88729,1.38566,1.8272104982607698,3.52383,1.70698,7777
77771030HTOB02017,7777-10-30,9,이현승,76329,나지완,78629,3,체인지업,135.0,T,3구 스트라이크,R,1.49479,50.0,5.83091,0.142124,2.0479789801795762,3.52383,1.70698,7777
77771030HTOB02017,7777-10-30,9,이현승,76329,나지완,78629,4,체인지업,136.0,B,4구 볼,R,1.5833,50.0,5.83566,1.81774,1.675116413908371,3.52383,1.70698,7777
77771030HTOB02017,7777-10-30,9,이현승,76329,나지완,78629,5,슬라이더,134.0,B,5구 볼,R,1.21426,50.0,5.82044,-1.24194,1.2857798764606594,3.52383,1.70698,7777
77771030HTOB02017,7777-10-30,9,이현승,76329,안치홍,79608,1,체인지업,136.0,B,1구 볼,R,1.62393,50.0,5.78309,1.77352,1.2694279513291369,3.37914,1.59937,7777
77771030HTOB02017,7777-10-30,9,이현승,76329,안치홍,79608,2,직구,144.0,T,2구 스트라이크,R,1.41436,50.0,5.85053,0.812352,2.804978579249684,3.37914,1.59937,7777
77771030HTOB02017,7777-10-30,9,이현승,76329,안치홍,79608,3,직구,143.0,T,3구 스트라이크,R,1.28704,50.0,5.77916,0.795555,2.205763807356462,3.37914,1.59937,7777
77771030HTOB02017,7777-10-30,9,이현승,76329,안치홍,79608,4,체인지업,139.0,B,4구 볼,R,1.5559,50.0,5.79362,2.2967,1.3335533079690316,3.37914,1.59937,7777
77771030HTOB02017,7777-10-30,9,이현승,76329,안치홍,79608,5,체인지업,136.0,F,5구 파울,R,1.54733,50.0,5.85235,1.2965,2.3373630808296455,3.37914,1.59937,7777
77771030HTOB02017,7777-10-30,9,이현승,76329,안치홍,79608,6,직구,140.0,B,6구 볼,R,1.11635,50.0,6.02042,-0.689832,4.370881724695904,3.37914,1.59937,7777
77771030HTOB02017,7777-10-30,9,이현승,76329,안치홍,79608,7,직구,142.0,B,7구 볼,R,1.60652,50.0,5.79673,1.5684,3.3911552085247934,3.37914,1.59937,7777
77771030HTOB02017,7777-10-30,9,이현승,76329,이범호,70756,1,슬라이더,136.0,T,1구 스트라이크,R,1.42493,50.0,6.01894,0.382302,3.0274354138080235,3.50686,1.56453,7777
77771030HTOB02017,7777-10-30,9,이현승,76329,이범호,70756,2,직구,142.0,T,2구 스트라이크,R,1.43935,50.0,5.78743,0.5482,2.408663734356857,3.50686,1.56453,7777
77771030HTOB02017,7777-10-30,9,이현승,76329,이범호,70756,3,직구,143.0,B,3구 볼,R,1.42471,50.0,5.83074,1.26694,3.083378869341132,3.50686,1.56453,7777
77771030HTOB02017,7777-10-30,9,이현승,76329,이범호,70756,4,직구,144.0,B,4구 볼,R,1.60648,50.0,5.87763,2.15279,3.59017726447558,3.50686,1.56453,7777
77771030HTOB02017,7777-10-30,9,이현승,76329,이범호,70756,5,슬라이더,135.0,F,5구 파울,R,1.36272,50.0,5.90911,0.164758,2.205297341969113,3.50686,1.56453,7777
77771030HTOB02017,7777-10-30,9,이현승,76329,이범호,70756,6,체인지업,135.0,H,6구 타격,R,1.58214,50.0,5.83317,1.76019,1.5588363108412202,3.50686,1.56453,7777
77771030HTOB02017,7777-10-30,9,양현종,77637,김재환,78224,1,슬라이더,132.0,T,1구 스트라이크,L,1.59426,50.0,5.84791,-0.773948,2.2406052475554117,3.71545,1.76399,7777
77771030HTOB02017,7777-10-30,9,양현종,77637,김재환,78224,2,슬라이더,130.0,B,2구 볼,L,1.71105,50.0,5.96175,0.150948,3.828265451837197,3.71545,1.76399,7777
77771030HTOB02017,7777-10-30,9,양현종,77637,김재환,78224,3,슬라이더,130.0,B,3구 볼,L,1.64552,50.0,5.67265,-0.29017,0.8589080324469349,3.71545,1.76399,7777
77771030HTOB02017,7777-10-30,9,양현종,77637,김재환,78224,4,직구,144.0,B,4구 볼,L,1.66045,50.0,5.65571,-1.0792,1.7968299875404006,3.71545,1.76399,7777
77771030HTOB02017,7777-10-30,9,양현종,77637,김재환,78224,5,직구,145.0,B,5구 볼,L,1.59892,50.0,5.62354,-0.718967,1.1684669498273208,3.71545,1.76399,7777
77771030HTOB02017,7777-10-30,9,양현종,77637,오재일,75334,1,직구,143.0,T,1구 스트라이크,L,1.80148,50.0,5.65803,0.172268,1.8546500456499244,3.71801,1.80594,7777
77771030HTOB02017,7777-10-30,9,양현종,77637,오재일,75334,2,직구,142.0,T,2구 스트라이크,L,1.80922,50.0,5.72229,-0.304487,1.3589122132341904,3.71801,1.80594,7777
77771030HTOB02017,7777-10-30,9,양현종,77637,오재일,75334,3,슬라이더,132.0,F,3구 파울,L,1.67667,50.0,5.87079,-0.294182,2.7062901998234614,3.71801,1.80594,7777
77771030HTOB02017,7777-10-30,9,양현종,77637,오재일,75334,4,슬라이더,130.0,H,4구 타격,,,,,,,,,7777
77771030HTOB02017,7777-10-30,9,양현종,77637,조수행,66209,1,직구,142.0,W,1구 번트파울,L,1.83795,50.0,5.69436,0.230233,2.5701677550885367,3.375,1.5,7777
77771030HTOB02017,7777-10-30,9,양현종,77637,조수행,66209,2,직구,141.0,H,2구 타격,L,1.6342,50.0,5.80238,-0.391673,2.7518962637630198,3.375,1.5,7777
77771030HTOB02017,7777-10-30,9,양현종,77637,허경민,79240,1,직구,137.0,B,1구 볼,R,2.30645,50.0,5.8967,3.1522,2.8796622606542766,3.20307,1.49799,7777
77771030HTOB02017,7777-10-30,9,양현종,77637,허경민,79240,2,직구,133.0,B,2구 볼,R,2.37949,50.0,5.8405,3.3275,2.7377923668949204,3.20307,1.49799,7777
77771030HTOB02017,7777-10-30,9,양현종,77637,허경민,79240,3,직구,135.0,B,3구 볼,R,2.28527,50.0,5.86308,2.51528,3.0809598741671747,3.20307,1.49799,7777
77771030HTOB02017,7777-10-30,9,양현종,77637,허경민,79240,4,직구,135.0,B,4구 볼,R,2.46171,50.0,5.96804,3.74258,3.2785828362721503,3.20307,1.49799,7777
77771030HTOB02017,7777-10-30,9,양현종,77637,박세혁,62244,1,직구,145.0,S,1구 헛스윙,L,1.70123,50.0,5.72276,-0.679115,2.154044380450899,3.25858,1.55624,7777
77771030HTOB02017,7777-10-30,9,양현종,77637,박세혁,62244,2,직구,146.0,H,2구 타격,L,1.75112,50.0,5.73361,0.525061,3.020927090745348,3.25858,1.55624,7777
77771030HTOB02017,7777-10-30,9,양현종,77637,김재호,74206,1,직구,144.0,H,1구 타격,R,1.6704,50.0,5.75629,-0.107036,3.1176289824201144,3.44164,1.60356,7777
77771025OBHT02017,7777-10-25,9,김세현,76350,김재호,74206,1,직구,148.0,T,1구 스트라이크,R,-1.7349,50.0,6.18417,-0.394238,3.3485875288094515,3.61999,1.77482,7777
77771025OBHT02017,7777-10-25,9,김세현,76350,김재호,74206,2,직구,150.0,F,2구 파울,R,-1.56458,50.0,6.0081,-0.072974,2.1160820360039887,3.61999,1.77482,7777
77771025OBHT02017,7777-10-25,9,김세현,76350,김재호,74206,3,직구,150.0,T,3구 스트라이크,R,-1.47399,50.0,6.04771,1.05563,3.134240780595661,3.61999,1.77482,7777
77771025OBHT02017,7777-10-25,9,김세현,76350,조수행,66209,1,직구,149.0,S,1구 헛스윙,L,-1.67606,50.0,6.13134,-0.984279,2.908766147090895,3.375,1.5,7777
77771025OBHT02017,7777-10-25,9,김세현,76350,조수행,66209,2,직구,149.0,B,2구 볼,L,-1.78161,50.0,5.9636,-1.03166,1.3004758605765674,3.375,1.5,7777
77771025OBHT02017,7777-10-25,9,김세현,76350,조수행,66209,3,직구,149.0,F,3구 파울,L,-1.79741,50.0,5.96923,-1.29126,2.5629753804410895,3.375,1.5,7777
77771025OBHT02017,7777-10-25,9,김세현,76350,조수행,66209,4,직구,145.0,H,4구 타격,L,-1.84723,50.0,5.99039,-0.044494,2.0210283450269504,3.375,1.5,7777
77771025OBHT02017,7777-10-25,9,김세현,76350,김재환,78224,1,투심,144.0,S,1구 헛스윙,L,-1.98346,50.0,6.00773,-0.256369,3.254338928822478,3.57794,1.58642,7777
77771025OBHT02017,7777-10-25,9,김세현,76350,김재환,78224,2,직구,151.0,B,2구 볼,L,-1.74971,50.0,6.18954,-0.184863,4.863963466709387,3.57794,1.58642,7777
77771025OBHT02017,7777-10-25,9,김세현,76350,김재환,78224,3,슬라이더,141.0,B,3구 볼,L,-1.78091,50.0,5.93531,1.08483,1.4984742676173646,3.57794,1.58642,7777
77771025OBHT02017,7777-10-25,9,김세현,76350,김재환,78224,4,직구,150.0,B,4구 볼,L,-1.51772,50.0,5.89693,1.17094,2.435459592106937,3.57794,1.58642,7777
77771025OBHT02017,7777-10-25,9,김세현,76350,김재환,78224,5,직구,149.0,H,5구 타격,L,-1.47996,50.0,6.09838,0.204885,3.33050979116961,3.57794,1.58642,7777
77771025OBHT02017,7777-10-25,9,김강률,77263,서동욱,73606,1,직구,147.0,T,1구 스트라이크,L,-1.55171,50.0,5.98961,0.170216,2.1314379951412925,3.59968,1.79012,7777
77771025OBHT02017,7777-10-25,9,김강률,77263,서동욱,73606,2,포크,134.0,B,2구 볼,L,-1.31261,50.0,5.97205,0.570233,0.5080217318983118,3.59968,1.79012,7777
77771025OBHT02017,7777-10-25,9,김강률,77263,서동욱,73606,3,직구,144.0,B,3구 볼,L,-1.42192,50.0,6.11864,0.812099,3.956327644722439,3.59968,1.79012,7777
77771025OBHT02017,7777-10-25,9,김강률,77263,서동욱,73606,4,직구,144.0,H,4구 타격,L,-1.42367,50.0,5.92139,0.319391,2.616928705613094,3.59968,1.79012,7777
77771025OBHT02017,7777-10-25,9,김강률,77263,김선빈,78603,1,직구,144.0,T,1구 스트라이크,R,-1.40006,50.0,5.95514,0.866314,2.5773858677029433,3.22312,1.61599,7777
77771025OBHT02017,7777-10-25,9,김강률,77263,김선빈,78603,2,직구,144.0,B,2구 볼,R,-1.40887,50.0,6.22612,-0.332652,5.026800876402625,3.22312,1.61599,7777
77771025OBHT02017,7777-10-25,9,김강률,77263,김선빈,78603,3,슬라이더,134.0,F,3구 파울,R,-1.71598,50.0,6.00788,-0.067395,1.9713483074682223,3.22312,1.61599,7777
77771025OBHT02017,7777-10-25,9,김강률,77263,김선빈,78603,4,커브,116.0,B,4구 볼,R,-1.59408,50.0,6.5138,-0.034178,4.091110820465285,3.22312,1.61599,7777
77771025OBHT02017,7777-10-25,9,김강률,77263,김선빈,78603,5,직구,145.0,F,5구 파울,R,-1.4831,50.0,5.92163,0.311027,2.726807608671135,3.22312,1.61599,7777
77771025OBHT02017,7777-10-25,9,김강률,77263,김선빈,78603,6,직구,145.0,H,6구 타격,R,-1.38006,50.0,5.90212,0.259231,2.662608113323257,3.22312,1.61599,7777
77771025OBHT02017,7777-10-25,9,김강률,77263,이명기,76849,1,직구,145.0,T,1구 스트라이크,L,-1.43402,50.0,5.95438,1.01949,2.8567911134425756,3.42577,1.51259,7777
77771025OBHT02017,7777-10-25,9,김강률,77263,이명기,76849,2,포크,135.0,S,2구 헛스윙,L,-1.27795,50.0,5.95235,0.825464,0.6485028183669543,3.42577,1.51259,7777
77771025OBHT02017,7777-10-25,9,김강률,77263,이명기,76849,3,포크,136.0,B,3구 볼,L,-1.53441,50.0,6.07623,-2.24141,2.728964543412282,3.42577,1.51259,7777
77771025OBHT02017,7777-10-25,9,김강률,77263,이명기,76849,4,포크,133.0,H,4구 타격,L,-1.32914,50.0,5.96568,-0.47776,1.4682950777068413,3.42577,1.51259,7777
33331011LTNC02017,3333-10-11,9,임창민,78352,정훈,60523,1,직구,139.0,H,1구 타격,R,-1.59284,50.0,5.68912,-0.330181,2.1729583141568853,3.38,1.5,3333
33331011LTNC02017,3333-10-11,9,임창민,78352,신본기,62556,1,직구,142.0,H,1구 타격,R,-1.64043,50.0,5.54871,0.026937,2.4290132220326095,3.12793,1.32374,3333
33331011LTNC02017,3333-10-11,9,임창민,78352,전준우,78513,1,직구,144.0,T,1구 스트라이크,R,-1.56239,50.0,5.6856,0.465496,2.87632545725955,3.40954,1.56334,3333
33331011LTNC02017,3333-10-11,9,임창민,78352,전준우,78513,2,슬라이더,134.0,H,2구 타격,R,-1.48367,50.0,5.76383,0.009398,2.083992932560454,3.40954,1.56334,3333
33331009NCLT02017,3333-10-09,9,손승락,75321,지석훈,73306,1,커터,140.0,F,1구 파울,R,-0.909613,50.0,6.26584,0.398354,2.651462024478844,3.4451,1.59037,3333
33331009NCLT02017,3333-10-09,9,손승락,75321,지석훈,73306,2,직구,146.0,T,2구 스트라이크,R,-0.967861,50.0,6.27532,0.507887,3.5300539611703616,3.4451,1.59037,3333
33331009NCLT02017,3333-10-09,9,손승락,75321,지석훈,73306,3,직구,145.0,B,3구 볼,R,-0.882148,50.0,6.27573,0.901242,4.14466805506467,3.4451,1.59037,3333
33331009NCLT02017,3333-10-09,9,손승락,75321,지석훈,73306,4,직구,145.0,S,4구 헛스윙,R,-1.06955,50.0,6.22296,-0.467566,3.2255921236494762,3.4451,1.59037,3333
33331009NCLT02017,3333-10-09,9,손승락,75321,김준완,63920,1,직구,146.0,H,1구 타격,L,-1.00106,50.0,6.08731,0.656954,2.79530527329052,3.375,1.54576,3333
33331009NCLT02017,3333-10-09,9,손승락,75321,이종욱,73339,1,직구,145.0,B,1구 볼,L,-1.12258,50.0,6.21768,-1.20844,3.6169913746566955,3.3645,1.69934,3333
33331009NCLT02017,3333-10-09,9,손승락,75321,이종욱,73339,2,직구,145.0,F,2구 파울,L,-1.06135,50.0,6.18275,0.428539,2.6327207240453565,3.3645,1.69934,3333
33331009NCLT02017,3333-10-09,9,손승락,75321,이종욱,73339,3,직구,146.0,H,3구 타격,L,-1.27532,50.0,6.01404,-0.475,1.8394005712326962,3.3645,1.69934,3333
33331009NCLT02017,3333-10-09,9,손승락,75321,박민우,62907,1,커터,137.0,S,1구 헛스윙,L,-0.89319,50.0,6.03742,1.13802,1.2561773203957975,3.34171,1.69386,3333
33331009NCLT02017,3333-10-09,9,손승락,75321,박민우,62907,2,커터,138.0,S,2구 헛스윙,L,-0.932312,50.0,6.08776,0.534272,0.9149609556444229,3.34171,1.69386,3333
33331009NCLT02017,3333-10-09,9,손승락,75321,박민우,62907,3,직구,145.0,F,3구 파울,L,-1.05693,50.0,6.31352,-0.215882,3.3430279468338817,3.34171,1.69386,3333
33331009NCLT02017,3333-10-09,9,손승락,75321,박민우,62907,4,커터,139.0,B,4구 볼,L,-1.41236,50.0,6.06293,-1.53721,1.621698156511946,3.34171,1.69386,3333
33331009NCLT02017,3333-10-09,9,손승락,75321,박민우,62907,5,직구,145.0,F,5구 파울,L,-1.21923,50.0,6.06848,-0.064648,2.604717206882473,3.34171,1.69386,3333
33331009NCLT02017,3333-10-09,9,손승락,75321,박민우,62907,6,커터,139.0,H,6구 타격,L,-0.862154,50.0,6.14936,0.437486,1.3080102299592773,3.34171,1.69386,3333
33331008NCLT02017,3333-10-08,11,박시영,60559,지석훈,73306,1,직구,143.0,H,1구 타격,R,-0.586362,50.0,6.03945,1.10726,3.125269054669374,3.4451,1.59037,3333
33331008NCLT02017,3333-10-08,11,박시영,60559,권희동,63963,1,직구,143.0,B,1구 볼,R,-0.426303,50.0,6.00908,2.23965,2.887106608081259,3.51183,1.71975,3333
33331008NCLT02017,3333-10-08,11,박시영,60559,권희동,63963,2,커브,122.0,T,2구 스트라이크,R,-0.872019,50.0,6.19615,0.601932,2.1963360325313586,3.51183,1.71975,3333
33331008NCLT02017,3333-10-08,11,박시영,60559,권희동,63963,3,커브,122.0,B,3구 볼,R,-0.780749,50.0,6.30641,1.11203,2.3215200206508673,3.51183,1.71975,3333
33331008NCLT02017,3333-10-08,11,박시영,60559,권희동,63963,4,커브,121.0,B,4구 볼,R,-0.808263,50.0,6.01218,1.05347,0.27745769631796424,3.51183,1.71975,3333
33331008NCLT02017,3333-10-08,11,박시영,60559,권희동,63963,5,직구,146.0,T,5구 스트라이크,R,-0.774561,50.0,5.87607,-0.812321,1.649717309295572,3.51183,1.71975,3333
33331008NCLT02017,3333-10-08,11,박시영,60559,권희동,63963,6,직구,144.0,F,6구 파울,R,-0.380633,50.0,5.78428,0.407045,1.3553481268822403,3.51183,1.71975,3333
33331008NCLT02017,3333-10-08,11,박시영,60559,권희동,63963,7,커브,122.0,F,7구 파울,R,-0.69481,50.0,6.42818,-0.089634,3.6747720124602106,3.51183,1.71975,3333
33331008NCLT02017,3333-10-08,11,박시영,60559,권희동,63963,8,직구,144.0,H,8구 타격,R,-0.5088,50.0,5.87482,-0.067872,1.6096030113956052,3.51183,1.71975,3333
33331008NCLT02017,3333-10-08,11,이명우,72535,노진혁,62931,1,직구,139.0,H,1구 타격,L,1.46415,50.0,5.81371,-0.129296,3.580753213527963,3.65183,1.8177,3333
33331008NCLT02017,3333-10-08,11,장시환,77318,김태군,78122,1,직구,148.0,F,1구 파울,R,-2.12529,50.0,5.51414,0.340909,2.194591097655922,3.50034,1.73073,3333
33331008NCLT02017,3333-10-08,11,장시환,77318,김태군,78122,2,직구,151.0,S,2구 헛스윙,R,-2.13569,50.0,5.69217,0.278983,3.6710048791972776,3.50034,1.73073,3333
33331008NCLT02017,3333-10-08,11,장시환,77318,김태군,78122,3,직구,152.0,F,3구 파울,R,-2.01688,50.0,5.39575,0.797264,1.5816411573850793,3.50034,1.73073,3333
33331008NCLT02017,3333-10-08,11,장시환,77318,김태군,78122,4,직구,149.0,F,4구 파울,R,-1.91782,50.0,5.54149,0.707536,3.0569726114555626,3.50034,1.73073,3333
33331008NCLT02017,3333-10-08,11,장시환,77318,김태군,78122,5,슬라이더,139.0,F,5구 파울,R,-2.12557,50.0,5.71542,0.397635,3.045405330147246,3.50034,1.73073,3333
33331008NCLT02017,3333-10-08,11,장시환,77318,김태군,78122,6,슬라이더,140.0,S,6구 헛스윙,R,-2.06796,50.0,5.63313,0.451404,1.6705128632046233,3.50034,1.73073,3333
33331008NCLT02017,3333-10-08,11,장시환,77318,박민우,62907,1,슬라이더,142.0,F,1구 파울,L,-2.20532,50.0,5.59347,-0.422871,1.6681940642156454,3.34171,1.69386,3333
33331008NCLT02017,3333-10-08,11,장시환,77318,박민우,62907,2,직구,151.0,F,2구 파울,L,-2.0784,50.0,5.65954,0.527537,3.3965168555820044,3.34171,1.69386,3333
33331008NCLT02017,3333-10-08,11,장시환,77318,박민우,62907,3,직구,152.0,B,3구 볼,L,-2.48577,50.0,5.47438,-2.92796,1.8745033254713943,3.34171,1.69386,3333
33331008NCLT02017,3333-10-08,11,장시환,77318,박민우,62907,4,직구,151.0,F,4구 파울,L,-2.0304,50.0,5.61637,0.917878,3.1327389304305067,3.34171,1.69386,3333
33331008NCLT02017,3333-10-08,11,장시환,77318,박민우,62907,5,직구,152.0,B,5구 볼,L,-2.31248,50.0,5.469,-1.86841,2.565613909882359,3.34171,1.69386,3333
33331008NCLT02017,3333-10-08,11,장시환,77318,박민우,62907,6,직구,151.0,F,6구 파울,L,-2.2491,50.0,5.47526,-1.15371,2.3710683849618857,3.34171,1.69386,3333
33331008NCLT02017,3333-10-08,11,장시환,77318,박민우,62907,7,슬라이더,140.0,S,7구 헛스윙,L,-1.98738,50.0,5.55538,0.661109,0.8792854848586416,3.34171,1.69386,3333
33331008NCLT02017,3333-10-08,11,장시환,77318,이종욱,73339,1,직구,150.0,B,1구 볼,L,-1.9667,50.0,5.34115,0.777843,0.8787804690965617,3.3645,1.69934,3333
33331008NCLT02017,3333-10-08,11,장시환,77318,이종욱,73339,2,직구,152.0,S,2구 헛스윙,L,-2.11288,50.0,5.59343,-0.239582,3.12940807769595,3.3645,1.69934,3333
33331008NCLT02017,3333-10-08,11,장시환,77318,이종욱,73339,3,직구,150.0,F,3구 파울,L,-2.29309,50.0,5.39651,-0.879789,2.2134212210465067,3.3645,1.69934,3333
33331008NCLT02017,3333-10-08,11,장시환,77318,이종욱,73339,4,직구,150.0,B,4구 볼,L,-2.28618,50.0,5.41171,-1.33864,2.207408003268698,3.3645,1.69934,3333
33331008NCLT02017,3333-10-08,11,장시환,77318,이종욱,73339,5,직구,152.0,B,5구 볼,L,-2.00518,50.0,5.39827,0.984812,1.722801760150412,3.3645,1.69934,3333
33331008NCLT02017,3333-10-08,11,장시환,77318,이종욱,73339,6,슬라이더,142.0,F,6구 파울,L,-2.13877,50.0,5.59127,0.046652,2.321175942228587,3.3645,1.69934,3333
33331008NCLT02017,3333-10-08,11,장시환,77318,이종욱,73339,7,직구,149.0,B,7구 볼,L,-2.34576,50.0,5.50576,-1.54402,3.3261697423306433,3.3645,1.69934,3333
33331008NCLT02017,3333-10-08,11,장시환,77318,나성범,62947,1,직구,150.0,B,1구 볼,L,-2.06073,50.0,5.58954,0.08255,4.006870509758292,3.56261,1.61984,3333
33331008NCLT02017,3333-10-08,11,장시환,77318,나성범,62947,2,슬라이더,139.0,B,2구 볼,L,-2.08396,50.0,5.3925,1.37755,0.7538569314462737,3.56261,1.61984,3333
33331008NCLT02017,3333-10-08,11,장시환,77318,나성범,62947,3,직구,149.0,B,3구 볼,L,-2.15114,50.0,5.59968,0.276415,4.4857190344066025,3.56261,1.61984,3333
33331008NCLT02017,3333-10-08,11,장시환,77318,나성범,62947,4,직구,148.0,T,4구 스트라이크,L,-2.14109,50.0,5.45407,0.244095,3.149790078373933,3.56261,1.61984,3333
33331008NCLT02017,3333-10-08,11,장시환,77318,나성범,62947,5,직구,149.0,F,5구 파울,L,-2.15729,50.0,5.51727,0.363788,3.790063119825957,3.56261,1.61984,3333
33331008NCLT02017,3333-10-08,11,장시환,77318,나성범,62947,6,직구,148.0,B,6구 볼,L,-2.04496,50.0,5.38725,1.14707,2.607585816646026,3.56261,1.61984,3333
33331008NCLT02017,3333-10-08,11,장시환,77318,스크럭스,67935,1,직구,149.0,B,1구 볼,R,-2.17126,50.0,5.58622,0.501945,4.205755142754871,3.5446,1.77394,3333
33331008NCLT02017,3333-10-08,11,장시환,77318,스크럭스,67935,2,직구,149.0,B,2구 볼,R,-2.24013,50.0,5.63297,-0.465736,4.235417023053536,3.5446,1.77394,3333
33331008NCLT02017,3333-10-08,11,장시환,77318,스크럭스,67935,3,슬라이더,137.0,B,3구 볼,R,-2.34063,50.0,5.74443,-0.451178,3.76365754871957,3.5446,1.77394,3333
33331008NCLT02017,3333-10-08,11,장시환,77318,스크럭스,67935,4,직구,149.0,B,4구 볼,R,-2.27408,50.0,5.65208,-1.41646,4.958410871282803,3.5446,1.77394,3333
33331008NCLT02017,3333-10-08,11,장시환,77318,모창민,78813,1,직구,148.0,B,1구 볼,R,-2.13775,50.0,5.67711,-0.428361,4.157483158028852,3.77464,1.72634,3333
33331008NCLT02017,3333-10-08,11,장시환,77318,모창민,78813,2,직구,148.0,H,2구 타격,R,-2.10181,50.0,5.42568,-0.362392,2.5162277866643334,3.77464,1.72634,3333
33331008NCLT02017,3333-10-08,11,장시환,77318,지석훈,73306,1,직구,150.0,T,1구 스트라이크,R,-1.89216,50.0,5.48213,0.649231,1.7570717523783437,3.4451,1.59037,3333
33331008NCLT02017,3333-10-08,11,장시환,77318,지석훈,73306,2,슬라이더,137.0,S,2구 헛스윙,R,-1.9596,50.0,5.5653,0.803434,1.2827850928442244,3.4451,1.59037,3333
33331008NCLT02017,3333-10-08,11,장시환,77318,지석훈,73306,3,슬라이더,137.0,H,3구 타격,R,-2.01693,50.0,5.66849,0.464976,2.61219487457899,3.4451,1.59037,3333
33331008NCLT02017,3333-10-08,11,원종현,76118,번즈,67598,1,직구,144.0,B,1구 볼,R,-1.34036,50.0,4.86958,0.759773,0.9493742481745404,3.62856,1.82951,3333
33331008NCLT02017,3333-10-08,11,원종현,76118,번즈,67598,2,투심,145.0,T,2구 스트라이크,R,-1.31913,50.0,5.18676,-0.538647,2.833281540704344,3.62856,1.82951,3333
33331008NCLT02017,3333-10-08,11,원종현,76118,번즈,67598,3,투심,145.0,H,3구 타격,R,-1.34856,50.0,5.07245,-0.627127,2.2081929793295876,3.62856,1.82951,3333
33331008NCLT02017,3333-10-08,11,임창민,78352,신본기,62556,1,직구,138.0,H,1구 타격,R,-1.9232,50.0,5.95782,-0.025817,3.227721930695142,3.38142,1.6584,3333
33331008NCLT02017,3333-10-08,11,임창민,78352,황진수,78566,1,직구,144.0,S,1구 헛스윙,L,-1.92026,50.0,5.87603,0.555502,3.0597147858961717,3.4683,1.62989,3333
33331008NCLT02017,3333-10-08,11,임창민,78352,황진수,78566,2,직구,142.0,F,2구 파울,L,-2.01066,50.0,5.86992,-0.480808,2.6364367107564854,3.4683,1.62989,3333
33331008NCLT02017,3333-10-08,11,임창민,78352,황진수,78566,3,직구,141.0,B,3구 볼,L,-2.13517,50.0,5.98348,-1.44624,4.003985607280089,3.4683,1.62989,3333
33331008NCLT02017,3333-10-08,11,임창민,78352,황진수,78566,4,슬라이더,128.0,B,4구 볼,L,-2.21945,50.0,6.29034,-1.07575,4.7501689977288315,3.4683,1.62989,3333
33331008NCLT02017,3333-10-08,11,임창민,78352,황진수,78566,5,직구,143.0,S,5구 헛스윙,L,-2.02254,50.0,5.826,-0.474377,2.457508184642753,3.4683,1.62989,3333
33331015NCLT02017,3333-10-15,9,김유영,64596,박민우,62907,1,직구,138.0,F,1구 파울,L,1.05936,50.0,5.69152,0.23755,2.769592333460885,3.38135,1.69386,3333
33331015NCLT02017,3333-10-15,9,김유영,64596,박민우,62907,2,커브,120.0,B,2구 볼,L,0.898304,50.0,6.40613,-0.668523,3.760362642152491,3.38135,1.69386,3333
33331015NCLT02017,3333-10-15,9,김유영,64596,박민우,62907,3,직구,139.0,H,3구 타격,L,1.06502,50.0,5.49611,0.420767,1.840352890260969,3.38135,1.69386,3333
33331015NCLT02017,3333-10-15,9,김유영,64596,나성범,62947,1,체인지업,128.0,F,1구 파울,L,1.06794,50.0,5.87565,0.054205,2.0854088395644017,3.39992,1.61984,3333
33331015NCLT02017,3333-10-15,9,김유영,64596,나성범,62947,2,슬라이더,126.0,S,2구 헛스윙,L,0.926424,50.0,6.02606,-0.155615,3.4416516907902954,3.39992,1.61984,3333
33331015NCLT02017,3333-10-15,9,김유영,64596,나성범,62947,3,슬라이더,124.0,S,3구 헛스윙,L,0.807732,50.0,5.65928,-1.0011,-0.935066102004364,3.39992,1.61984,3333
33331015NCLT02017,3333-10-15,9,김원중,62528,스크럭스,67935,1,직구,141.0,B,1구 볼,R,-0.849143,50.0,6.40711,1.23442,3.3702945877355583,3.5446,1.77394,3333
33331015NCLT02017,3333-10-15,9,김원중,62528,스크럭스,67935,2,직구,142.0,B,2구 볼,R,-1.06003,50.0,6.23198,-0.877679,1.4409487281053526,3.5446,1.77394,3333
33331015NCLT02017,3333-10-15,9,김원중,62528,스크럭스,67935,3,직구,140.0,B,3구 볼,R,-1.07946,50.0,6.56184,-0.236077,4.248157046639285,3.5446,1.77394,3333
33331015NCLT02017,3333-10-15,9,김원중,62528,스크럭스,67935,4,직구,141.0,B,4구 볼,R,-1.09415,50.0,6.36667,-1.12529,3.036824001971371,3.5446,1.77394,3333
33331015NCLT02017,3333-10-15,9,김원중,62528,지석훈,73306,1,직구,142.0,F,1구 파울,R,-1.09802,50.0,6.31911,0.165336,2.4592158290901414,3.22126,1.59037,3333
33331015NCLT02017,3333-10-15,9,김원중,62528,지석훈,73306,2,커브,114.0,T,2구 스트라이크,R,-1.33226,50.0,6.62354,-0.677737,2.5700509276661325,3.22126,1.59037,3333
33331015NCLT02017,3333-10-15,9,김원중,62528,지석훈,73306,3,포크,127.0,B,3구 볼,R,-0.990603,50.0,6.29819,1.33776,0.6476750624959693,3.22126,1.59037,3333
33331015NCLT02017,3333-10-15,9,김원중,62528,지석훈,73306,4,슬라이더,125.0,B,4구 볼,R,-1.11352,50.0,6.78326,0.334069,4.861111485920134,3.22126,1.59037,3333
33331015NCLT02017,3333-10-15,9,김원중,62528,지석훈,73306,5,직구,142.0,B,5구 볼,R,-1.24094,50.0,6.37054,-1.5785,2.7641946316887296,3.22126,1.59037,3333
33331015NCLT02017,3333-10-15,9,김원중,62528,지석훈,73306,6,직구,143.0,B,6구 볼,R,-1.17918,50.0,6.52579,-0.832092,4.758850704310639,3.22126,1.59037,3333
33331015NCLT02017,3333-10-15,9,김원중,62528,이종욱,73339,1,직구,142.0,B,1구 볼,L,-1.20429,50.0,6.47042,-0.73569,4.449120696345232,3.3645,1.69934,3333
33331015NCLT02017,3333-10-15,9,김원중,62528,이종욱,73339,2,직구,142.0,S,2구 헛스윙,L,-1.17786,50.0,6.2679,-0.308246,3.031112090234778,3.3645,1.69934,3333
33331015NCLT02017,3333-10-15,9,김원중,62528,이종욱,73339,3,직구,144.0,B,3구 볼,L,-1.24247,50.0,6.35822,-0.480235,3.9949518785968725,3.3645,1.69934,3333
33331015NCLT02017,3333-10-15,9,김원중,62528,이종욱,73339,4,직구,142.0,F,4구 파울,L,-1.0476,50.0,6.32273,-0.455813,3.014975243453422,3.3645,1.69934,3333
33331015NCLT02017,3333-10-15,9,김원중,62528,이종욱,73339,5,체인지업,126.0,H,5구 타격,L,-1.26744,50.0,6.29326,-0.061155,3.315482375868913,3.3645,1.69934,3333
33331015NCLT02017,3333-10-15,9,임창민,78352,나종덕,67539,1,직구,139.0,B,1구 볼,R,-1.71967,50.0,6.2902,0.840213,4.1063517054820995,3.375,1.5,3333
33331015NCLT02017,3333-10-15,9,임창민,78352,나종덕,67539,2,직구,141.0,F,2구 파울,R,-1.70883,50.0,6.12933,1.08106,3.2005602297845144,3.375,1.5,3333
33331015NCLT02017,3333-10-15,9,임창민,78352,나종덕,67539,3,직구,140.0,B,3구 볼,R,-1.85783,50.0,5.92356,0.041956,1.0467247243932238,3.375,1.5,3333
33331015NCLT02017,3333-10-15,9,임창민,78352,나종덕,67539,4,직구,140.0,H,4구 타격,R,-1.96,50.0,6.09449,-0.107088,2.759898478524157,3.375,1.5,3333
33331015NCLT02017,3333-10-15,9,임창민,78352,김사훈,61591,1,직구,141.0,H,1구 타격,R,-2.04561,50.0,6.17708,-0.400408,3.1556181432778483,3.23292,1.61908,3333
33331015NCLT02017,3333-10-15,9,임창민,78352,정훈,60523,1,슬라이더,125.0,B,1구 볼,R,-2.02676,50.0,6.5711,-0.284613,4.234936531397997,3.4273,1.6223,3333
33331015NCLT02017,3333-10-15,9,임창민,78352,정훈,60523,2,직구,140.0,S,2구 헛스윙,R,-2.08244,50.0,6.14627,-0.331685,3.6668470752288354,3.4273,1.6223,3333
33331015NCLT02017,3333-10-15,9,임창민,78352,정훈,60523,3,슬라이더,127.0,T,3구 스트라이크,R,-2.01594,50.0,6.33257,-0.575367,2.702533994691711,3.4273,1.6223,3333
33331015NCLT02017,3333-10-15,9,임창민,78352,정훈,60523,4,직구,144.0,S,4구 헛스윙,R,-1.76615,50.0,5.95884,0.6573,1.8399287519031242,3.4273,1.6223,3333
33331015NCLT02017,3333-10-15,9,임창민,78352,전준우,78513,1,포크,128.0,B,1구 볼,R,-2.03958,50.0,6.12372,-0.364963,1.216288792042528,3.50029,1.69529,3333
33331015NCLT02017,3333-10-15,9,임창민,78352,전준우,78513,2,직구,141.0,B,2구 볼,R,-1.84818,50.0,5.82204,0.987875,1.1935090565982265,3.50029,1.69529,3333
33331015NCLT02017,3333-10-15,9,임창민,78352,전준우,78513,3,직구,139.0,H,3구 타격,R,-1.89224,50.0,6.0998,-0.032992,2.896011588517889,3.50029,1.69529,3333
33331015NCLT02017,3333-10-15,9,임창민,78352,손아섭,77532,1,직구,141.0,B,1구 볼,L,-2.0781,50.0,5.98712,-1.40284,2.4424209437393625,3.18826,1.5644,3333
33331015NCLT02017,3333-10-15,9,임창민,78352,손아섭,77532,2,직구,142.0,F,2구 파울,L,-1.96335,50.0,6.05069,-0.166028,2.7108031233373096,3.18826,1.5644,3333
33331015NCLT02017,3333-10-15,9,임창민,78352,손아섭,77532,3,직구,141.0,T,3구 스트라이크,L,-2.00927,50.0,5.96079,-0.940068,2.1336911216347185,3.18826,1.5644,3333
33331015NCLT02017,3333-10-15,9,임창민,78352,손아섭,77532,4,직구,143.0,H,4구 타격,L,-2.07908,50.0,6.02331,-1.14571,2.2266931134477463,3.18826,1.5644,3333
33331013LTNC02017,3333-10-13,9,정수민,66960,번즈,67598,1,직구,145.0,T,1구 스트라이크,R,-0.862801,50.0,5.75686,0.118461,2.5626034231361707,3.375,1.59522,3333
33331013LTNC02017,3333-10-13,9,정수민,66960,번즈,67598,2,포크,134.0,B,2구 볼,R,-0.745071,50.0,5.79394,-0.066339,0.3328652937210199,3.375,1.59522,3333
33331013LTNC02017,3333-10-13,9,정수민,66960,번즈,67598,3,직구,146.0,F,3구 파울,R,-0.893746,50.0,5.70784,0.062637,1.4552066020180487,3.375,1.59522,3333
33331013LTNC02017,3333-10-13,9,정수민,66960,번즈,67598,4,슬라이더,127.0,B,4구 볼,R,-0.534971,50.0,6.07235,0.797969,0.7870296655520579,3.375,1.59522,3333
33331013LTNC02017,3333-10-13,9,정수민,66960,번즈,67598,5,직구,147.0,H,5구 타격,R,-0.784829,50.0,5.88763,-0.206302,3.10396892907402,3.375,1.59522,3333
33331013LTNC02017,3333-10-13,9,정수민,66960,문규현,72546,1,직구,146.0,F,1구 파울,R,-0.805325,50.0,5.85722,-0.969842,3.4500348993126986,3.47979,1.75297,3333
33331013LTNC02017,3333-10-13,9,정수민,66960,문규현,72546,2,포크,136.0,B,2구 볼,R,-0.664856,50.0,5.87739,0.511538,1.05434395982937,3.47979,1.75297,3333
33331013LTNC02017,3333-10-13,9,정수민,66960,문규현,72546,3,직구,145.0,H,3구 타격,R,-0.843048,50.0,5.67462,-0.623429,1.8648513596292307,3.47979,1.75297,3333
33331013LTNC02017,3333-10-13,9,정수민,66960,신본기,62556,1,포크,132.0,T,1구 스트라이크,R,-0.722077,50.0,6.08141,-0.726734,3.2241006740274805,3.12793,1.32374,3333
33331013LTNC02017,3333-10-13,9,정수민,66960,신본기,62556,2,직구,147.0,T,2구 스트라이크,R,-0.707601,50.0,5.74449,0.37525,1.8097854983712114,3.12793,1.32374,3333
33331013LTNC02017,3333-10-13,9,정수민,66960,신본기,62556,3,슬라이더,127.0,B,3구 볼,R,-0.371468,50.0,5.95108,1.42145,-0.15550306943145653,3.12793,1.32374,3333
33331013LTNC02017,3333-10-13,9,정수민,66960,신본기,62556,4,직구,145.0,F,4구 파울,R,-0.900822,50.0,5.7295,-0.353498,2.2515339558793785,3.12793,1.32374,3333
33331013LTNC02017,3333-10-13,9,정수민,66960,신본기,62556,5,포크,134.0,H,5구 타격,R,-0.629948,50.0,6.08657,-0.699163,3.10508926050901,3.12793,1.32374,3333
33331013LTNC02017,3333-10-13,9,박진형,63512,스크럭스,67935,1,슬라이더,132.0,B,1구 볼,R,-1.11079,50.0,5.38918,0.23045,1.3184597627236823,3.46775,1.63584,3333
33331013LTNC02017,3333-10-13,9,박진형,63512,스크럭스,67935,2,직구,143.0,F,2구 파울,R,-1.33998,50.0,5.24952,-0.314932,2.6721987147948534,3.46775,1.63584,3333
33331013LTNC02017,3333-10-13,9,박진형,63512,스크럭스,67935,3,직구,143.0,H,3구 타격,R,-1.31643,50.0,5.24043,-0.614825,1.8881435772059982,3.46775,1.63584,3333
33331013LTNC02017,3333-10-13,9,박진형,63512,모창민,78813,1,포크,126.0,S,1구 헛스윙,R,-1.10672,50.0,5.69922,-0.551301,2.5789235775994497,3.38767,1.61055,3333
33331013LTNC02017,3333-10-13,9,박진형,63512,모창민,78813,2,직구,145.0,T,2구 스트라이크,R,-1.27173,50.0,5.17551,0.706857,1.3899229943359315,3.38767,1.61055,3333
33331013LTNC02017,3333-10-13,9,박진형,63512,모창민,78813,3,포크,132.0,H,3구 타격,R,-1.00793,50.0,5.67642,-0.489484,2.4275383830690527,3.38767,1.61055,3333
33331013LTNC02017,3333-10-13,9,박진형,63512,이호준,94629,1,포크,128.0,T,1구 스트라이크,R,-1.08705,50.0,5.71539,-0.799718,3.0757863090023427,3.375,1.5,3333
33331013LTNC02017,3333-10-13,9,박진형,63512,이호준,94629,2,슬라이더,132.0,B,2구 볼,R,-0.932634,50.0,5.43142,0.947747,0.7227642910891103,3.375,1.5,3333
33331013LTNC02017,3333-10-13,9,박진형,63512,이호준,94629,3,직구,145.0,H,3구 타격,R,-1.31914,50.0,5.39209,-0.453787,3.3738285330058253,3.375,1.5,3333
33331013LTNC02017,3333-10-13,9,박진형,63512,노진혁,62931,1,커브,112.0,B,1구 볼,L,-1.0328,50.0,5.87236,-1.11962,3.452468908472206,3.375,1.57832,3333
33331013LTNC02017,3333-10-13,9,박진형,63512,노진혁,62931,2,슬라이더,125.0,T,2구 스트라이크,L,-0.934454,50.0,5.60514,0.271886,2.397605711125727,3.375,1.57832,3333
33331013LTNC02017,3333-10-13,9,박진형,63512,노진혁,62931,3,포크,126.0,H,3구 타격,L,-0.964648,50.0,5.68423,-0.587648,2.471084414324771,3.375,1.57832,3333
